,id,symbol,name,market_cap,market_cap_rank
0,bitcoin,btc,Bitcoin,1773542722104,1
1,ethereum,eth,Ethereum,354173986486,2
2,tether,usdt,Tether,186620060068,3
3,binancecoin,bnb,BNB,119835240169,4
4,ripple,xrp,XRP,115311046701,5
5,usd-coin,usdc,USDC,72426090189,6
6,solana,sol,Solana,71676017246,7
7,tron,trx,TRON,28226692478,8
8,staked-ether,steth,Lido Staked Ether,27502427476,9
9,dogecoin,doge,Dogecoin,20655288417,10
10,figure-heloc,figr_heloc,Figure Heloc,15170431157,11
11,cardano,ada,Cardano,13021785239,12
12,wrapped-steth,wsteth,Wrapped stETH,12281908701,13
13,bitcoin-cash,bch,Bitcoin Cash,11698265428,14
14,whitebit,wbt,WhiteBIT Coin,11561082730,15
15,wrapped-bitcoin,wbtc,Wrapped Bitcoin,11066360566,16
16,wrapped-beacon-eth,wbeth,Wrapped Beacon ETH,10749233524,17
17,wrapped-eeth,weeth,Wrapped eETH,9639328370,18
18,usds,usds,USDS,9389342123,19
19,binance-bridged-usdt-bnb-smart-chain,bsc-usd,Binance Bridged USDT (BNB Smart Chain),8969046036,20
20,monero,xmr,Monero,8782424081,21
21,chainlink,link,Chainlink,8527305373,22
22,leo-token,leo,LEO Token,8285652917,23
23,coinbase-wrapped-btc,cbbtc,Coinbase Wrapped BTC,6973022039,24
24,stellar,xlm,Stellar,6772430751,25
25,weth,weth,WETH,6649196702,26
26,ethena-usde,usde,Ethena USDe,6588438002,27
27,zcash,zec,Zcash,5920983627,28
28,canton-network,cc,Canton,5818257958,29
29,sui,sui,Sui,5567031947,30
30,hyperliquid,hype,Hyperliquid,5378313431,31
31,litecoin,ltc,Litecoin,5353563944,32
32,avalanche-2,avax,Avalanche,5148543676,33
33,usd1-wlfi,usd1,USD1,4864241193,34
34,world-liberty-financial,wlfi,World Liberty Financial,4687165788,35
35,hedera-hashgraph,hbar,Hedera,4569791250,36
36,shiba-inu,shib,Shiba Inu,4561388329,37
37,usdt0,usdt0,USDT0,4535338772,38
38,dai,dai,Dai,4349887386,39
39,susds,susds,sUSDS,4288340982,40
40,ethena-staked-usde,susde,Ethena Staked USDe,3797558656,41
41,paypal-usd,pyusd,PayPal USD,3764401453,42
42,the-open-network,ton,Toncoin,3739298542,43
43,crypto-com-chain,cro,Cronos,3624522707,44
44,rain,rain,Rain,3380026406,45
45,polkadot,dot,Polkadot,3145784048,46
46,uniswap,uni,Uniswap,3081190491,47
47,mantle,mnt,Mantle,2901775039,48
48,memecore,m,MemeCore,2827910360,49
49,tether-gold,xaut,Tether Gold,2613920058,50
50,bitget-token,bgb,Bitget Token,2536693284,51
51,aave,aave,Aave,2347687633,52
52,bittensor,tao,Bittensor,2249349716,53
53,okb,okb,OKB,2170188122,54
54,falcon-finance,usdf,Falcon USD,2169722174,55
55,pepe,pepe,Pepe,2090674624,56
56,pax-gold,paxg,PAX Gold,2034121611,57
57,near,near,NEAR Protocol,1917397335,58
58,internet-computer,icp,Internet Computer,1845034442,59
59,jito-staked-sol,jitosol,Jito Staked SOL,1830558652,60
60,ethereum-classic,etc,Ethereum Classic,1779441440,61
61,binance-peg-weth,weth,Binance-Peg WETH,1774453407,62
62,blackrock-usd-institutional-digital-liquidity-fund,buidl,BlackRock USD Institutional Digital Liquidity Fund,1684656108,63
63,ondo-finance,ondo,Ondo,1646050774,64
64,htx-dao,htx,HTX DAO,1633261677,65
65,hashnote-usyc,usyc,Circle USYC,1608230246,66
66,global-dollar,usdg,Global Dollar,1608208577,67
67,kelp-dao-restaked-eth,rseth,Kelp DAO Restaked ETH,1572446951,68
68,aster-2,aster,Aster,1560533036,69
69,wrapped-solana,sol,Wrapped SOL,1554956430,70
70,jupiter-perpetuals-liquidity-provider-token,jlp,Jupiter Perpetuals Liquidity Provider Token,1546131645,71
71,sky,sky,Sky,1540478159,72
72,pump-fun,pump,Pump.fun,1521198683,73
73,pi-network,pi,Pi Network,1503219915,74
74,kucoin-shares,kcs,KuCoin,1422631556,75
75,ripple-usd,rlusd,Ripple USD,1414956315,76
76,binance-staked-sol,bnsol,Binance Staked SOL,1375637077,77
77,ethena,ena,Ethena,1366068425,78
78,bfusd,bfusd,BFUSD,1316800090,79
79,wbnb,wbnb,Wrapped BNB,1315549431,80
80,polygon-ecosystem-token,pol,POL (ex-MATIC),1299746782,81
81,syrupusdc,syrupusdc,syrupUSDC,1297659878,82
82,worldcoin-wld,wld,Worldcoin,1289170391,83
83,binance-bridged-usdc-bnb-smart-chain,usdc,Binance Bridged USDC (BNB Smart Chain),1288282591,84
84,rocket-pool-eth,reth,Rocket Pool ETH,1227516916,85
85,river,river,River,1214208085,86
86,hash-2,hash,Provenance Blockchain,1200680887,87
87,aptos,apt,Aptos,1197415094,88
88,myx-finance,myx,MYX Finance,1176043497,89
89,gatechain-token,gt,Gate,1132290143,90
90,cosmos,atom,Cosmos Hub,1108418654,91
91,quant-network,qnt,Quant,1103963911,92
92,kaspa,kas,Kaspa,1096064133,93
93,usdd,usdd,USDD,1091979039,94
94,algorand,algo,Algorand,1032676219,95
95,render-token,render,Render,1029785987,96
96,arbitrum,arb,Arbitrum,1014968465,97
97,midnight-3,night,Midnight,982505501,98
98,official-trump,trump,Official Trump,979022471,99
99,ignition-fbtc,fbtc,Function FBTC,968442321,100
100,filecoin,fil,Filecoin,952171899,101
101,nexo,nexo,NEXO,940535821,102
102,lombard-staked-btc,lbtc,Lombard Staked BTC,938784883,103
103,vechain,vet,VeChain,883140345,104
104,flare-networks,flr,Flare,876045874,105
105,bridged-usdc-polygon-pos-bridge,usdc.e,Polygon Bridged USDC (Polygon PoS),857311712,106
106,usdtb,usdtb,USDtb,852136183,107
107,mantle-staked-ether,meth,Mantle Staked Ether,834210891,108
108,superstate-short-duration-us-government-securities-fund-ustb,ustb,Superstate Short Duration U.S. Government Securities Fund (USTB),819297659,109
109,liquid-staked-ethereum,lseth,Liquid Staked ETH,811326752,110
110,syrupusdt,syrupusdt,syrupUSDT,810549828,111
111,story-2,ip,Story,801935164,112
112,solv-btc,solvbtc,Solv Protocol BTC,790958558,113
113,dash,dash,Dash,783146914,114
114,bonk,bonk,Bonk,772965171,115
115,xdce-crowd-sale,xdc,XDC Network,763995066,116
116,wrappedm-by-m0,wm,WrappedM by M0,762951528,117
117,ousg,ousg,OUSG,729779065,118
118,janus-henderson-anemoy-aaa-clo-fund,jaaa,Janus Henderson Anemoy AAA CLO Fund,724108539,119
119,sei-network,sei,Sei,705327710,120
120,ondo-us-dollar-yield,usdy,Ondo US Dollar Yield,697312647,121
121,arbitrum-bridged-wbtc-arbitrum-one,wbtc,Arbitrum Bridged WBTC (Arbitrum One),697296006,122
122,renzo-restaked-eth,ezeth,Renzo Restaked ETH,691162561,123
123,clbtc,clbtc,clBTC,687376018,124
124,stakewise-v3-oseth,oseth,StakeWise Staked ETH,671965321,125
125,morpho,morpho,Morpho,649186797,126
126,pancakeswap-token,cake,PancakeSwap,635085903,127
127,usdai,usdai,USDai,634984507,128
128,polygon-pos-bridged-dai-polygon-pos,dai,Polygon PoS Bridged DAI (Polygon POS),634494857,129
129,l2-standard-bridged-weth-base,weth,L2 Standard Bridged WETH (Base),633249479,130
130,jupiter-staked-sol,jupsol,Jupiter Staked SOL,630833773,131
131,jupiter-exchange-solana,jup,Jupiter,630689303,132
132,eutbl,eutbl,Spiko EU T-Bills Money Market Fund,623118059,133
133,beldex,bdx,Beldex,621353084,134
134,binance-peg-xrp,xrp,Binance-Peg XRP,618572537,135
135,tezos,xtz,Tezos,618039595,136
136,wrapped-flare,wflr,Wrapped Flare,611575982,137
137,pudgy-penguins,pengu,Pudgy Penguins,609044119,138
138,optimism,op,Optimism,585926514,139
139,usual-usd,usd0,Usual USD,581919580,140
140,arbitrum-bridged-weth-arbitrum-one,weth,Arbitrum Bridged WETH (Arbitrum One),570027324,141
141,chiliz,chz,Chiliz,535467973,142
142,curve-dao-token,crv,Curve DAO,532618259,143
143,virtual-protocol,virtual,Virtuals Protocol,529859980,144
144,fetch-ai,fet,Artificial Superintelligence Alliance,523172157,145
145,blockstack,stx,Stacks,522328644,146
146,tbtc,tbtc,tBTC,521359302,147
147,c8ntinuum,ctm,c8ntinuum,517009554,148
148,kinetic-staked-hype,khype,Kinetiq Staked HYPE,516978414,149
149,a7a5,a7a5,A7A5,514688168,150
150,janus-henderson-anemoy-treasury-fund,jtrsy,Janus Henderson Anemoy Treasury Fund,503660049,151
151,first-digital-usd,fdusd,First Digital USD,503086542,152
152,gho,gho,GHO,494748681,153
153,true-usd,tusd,TrueUSD,493781911,154
154,fasttoken,ftn,Fasttoken,471087699,155
155,gteth,gteth,GTETH,468707716,156
156,doublezero,2z,DoubleZero,462403349,157
157,injective-protocol,inj,Injective,447596063,158
158,msol,msol,Marinade Staked SOL,437539665,159
159,lido-dao,ldo,Lido DAO,435960375,160
160,ether-fi-liquid-eth,liquideth,Ether.Fi Liquid ETH,433172460,161
161,lighter,lit,Lighter,431274153,162
162,steakhouse-usdc-morpho-vault,steakusdc,Steakhouse USDC Morpho Vault,424335448,163
163,kaia,kaia,Kaia,424044644,164
164,aerodrome-finance,aero,Aerodrome Finance,423713901,165
165,ether-fi,ethfi,Ether.fi,420677353,166
166,coinbase-wrapped-staked-eth,cbeth,Coinbase Wrapped Staked ETH,419588384,167
167,cap-usd,cusd,Cap USD,418975553,168
168,floki,floki,FLOKI,410580093,169
169,newton-project,ab,AB,408033076,170
170,usdb,usdb,USDB,407694065,171
171,sbtc-2,sbtc,sBTC,403141827,172
172,stader-ethx,ethx,Stader ETHx,402983486,173
173,sun-token,sun,Sun Token,401947294,174
174,bittorrent,btt,BitTorrent,400019851,175
175,just,jst,JUST,399274762,176
176,celestia,tia,Celestia,392178953,177
177,kinesis-silver,kag,Kinesis Silver,387543897,178
178,staked-aave,stkaave,Staked Aave,386826218,179
179,the-graph,grt,The Graph,385816951,180
180,kinesis-gold,kau,Kinesis Gold,384684844,181
181,layerzero,zro,LayerZero,383415657,182
182,syrup,syrup,Maple Finance,380850551,183
183,axie-infinity,axs,Axie Infinity,378789174,184
184,resolv-usr,usr,Resolv USR,376799089,185
185,resolv-wstusr,wstusr,Resolv wstUSR,369722787,186
186,the-sandbox,sand,The Sandbox,366763151,187
187,wrapped-apecoin,wape,Wrapped ApeCoin,366098908,188
188,starknet,strk,Starknet,365674289,189
189,iota,iota,IOTA,364946723,190
190,gnosis,gno,Gnosis,363912101,191
191,conflux-token,cfx,Conflux,362928070,192
192,euro-coin,eurc,EURC,360122580,193
193,trust-wallet-token,twt,Trust Wallet,356995922,194
194,bitcoin-cash-sv,bsv,Bitcoin SV,355911355,195
195,spx6900,spx,SPX6900,355189738,196
196,telcoin,tel,Telcoin,355051678,197
197,stable-2,stable,​​Stable,354799027,198
198,apenft,nft,AINFT,352214950,199
199,jasmycoin,jasmy,JasmyCoin,351322222,200
200,crvusd,crvusd,crvUSD,349407534,201
201,ethereum-name-service,ens,Ethereum Name Service,343497375,202
202,pyth-network,pyth,Pyth Network,342078693,203
203,ether-fi-staked-eth,eeth,ether.fi Staked ETH,338848895,204
204,olympus,ohm,Olympus,337004884,205
205,bitcoin-avalanche-bridged-btc-b,btc.b,Avalanche Bridged BTC (Avalanche),336568537,206
206,pendle,pendle,Pendle,334121067,207
207,pippin,pippin,pippin,333149346,208
208,dogwifcoin,wif,dogwifhat,329972608,209
209,binance-peg-dogecoin,doge,Binance-Peg Dogecoin,314948288,210
210,decred,dcr,Decred,305965325,211
211,undeads-games,uds,Undeads Games,299507488,212
212,usx,usx,USX,299456138,213
213,wrapped-stx-velar,wstx,Wrapped STX (Velar),295767955,214
214,humanity,h,Humanity,292624750,215
215,fartcoin,fartcoin,Fartcoin,291872362,216
216,unit-bitcoin,ubtc,Unit Bitcoin,290399751,217
217,binance-peg-busd,busd,Binance-Peg BUSD,289740801,218
218,gala,gala,GALA,288773987,219
219,theta-token,theta,Theta Network,287241922,220
220,decentraland,mana,Decentraland,285425773,221
221,zebec-network,zbcn,Zebec Network,282673198,222
222,kraken-wrapped-btc,kbtc,Kraken Wrapped BTC,279486358,223
223,frax,frax,Legacy Frax Dollar,274044578,224
224,benqi-liquid-staked-avax,savax,BENQI Liquid Staked AVAX,273277441,225
225,raydium,ray,Raydium,272030531,226
226,plasma,xpl,Plasma,265444378,227
227,gate-wrapped-btc,gtbtc,Gate Wrapped BTC,267138064,228
228,astherus-staked-bnb,asbnb,Aster Staked BNB,265461177,229
229,sonic-3,s,Sonic,265034559,230
230,basic-attention-token,bat,Basic Attention,262903263,231
231,susdai,susdai,Staked USDai,262337696,232
232,arbitrum-bridged-wrapped-eeth,weeth,Arbitrum Bridged Wrapped eETH (Arbitrum),262229005,233
233,polygon-pos-bridged-weth-polygon-pos,weth,Polygon PoS Bridged WETH (Polygon POS),261442233,234
234,instadapp,fluid,Fluid,258239444,235
235,binance-wrapped-btc,bbtc,Binance Wrapped BTC,257549859,236
236,btse-token,btse,BTSE Token,255510535,237
237,neo,neo,NEO,253847758,238
238,zksync,zk,ZKsync,251080387,239
239,chain-2,xcn,Onyxcoin,246566584,240
240,wrapped-ether-mantle-bridge,weth,Mantle Bridged WETH (Mantle),245216862,241
241,frax-ether,frxeth,Frax Ether,243117162,242
242,mimblewimblecoin,mwc,MimbleWimbleCoin,242695444,243
243,arbitrum-bridged-wsteth-arbitrum,wsteth,Arbitrum Bridged wstETH (Arbitrum),238727827,244
244,wrapped-aave-ethereum-usdc,waethusdc,Wrapped Aave Ethereum USDC,236523308,245
245,compound-governance-token,comp,Compound,235105309,246
246,mantle-restaked-eth,cmeth,Mantle Restaked ETH,233326810,247
247,wefi,wfi,WeFi,229098416,248
248,bybit-staked-sol,bbsol,Bybit Staked SOL,228667687,249
249,ape-and-pepe,apepe,Ape and Pepe,227983919,250
250,drift-staked-sol,dsol,Drift Staked SOL,227809274,251
251,arweave,ar,Arweave,226607266,252
252,reallink,real,RealLink,225562364,253
253,superbridge-bridged-wsteth-base,wsteth,Superbridge Bridged wstETH (Base),225022908,254
254,helium,hnt,Helium,222820667,255
255,vision-3,vsn,Vision,222661997,256
256,nusd-2,nusd,Neutrl USD,221202412,257
257,bridged-usd-coin-starkgate,usdc,StarkGate Bridged USDC (Starknet),221150143,258
258,golem,glm,Golem,219989815,259
259,ylds,ylds,YLDS,219242205,260
260,swissborg,borg,SwissBorg,218559167,261
261,quantum-resistant-ledger,qrl,Quantum Resistant Ledger,218344557,262
262,ultima,ultima,Ultima,217975450,263
263,usda-2,usda,USDa,216828176,264
264,agora-dollar,ausd,AUSD,216352027,265
265,kite-2,kite,Kite,215961606,266
266,staked-cap-usd,stcusd,Staked Cap USD,214647280,267
267,ibc-bridged-usdc,usdc.n,Noble USDC,214418022,268
268,falcon-finance-ff,ff,Falcon Finance,212220671,269
269,hastra-wrapped-ylds,wylds,Hastra Wrapped YLDS,209025855,270
270,treehouse-eth,teth,Treehouse ETH,208553232,271
271,blockchain-capital,bcap,Blockchain Capital,208302857,272
272,spiko-us-t-bills-money-market-fund,ustbl,Spiko US T-Bills Money Market Fund,207728651,273
273,hastra-prime,prime,PRIME,206812561,274
274,ecash,xec,eCash,206487360,275
275,sentient,sent,Sentient,206157678,276
276,terra-luna,lunc,Terra Luna Classic,205958074,277
277,convex-finance,cvx,Convex Finance,205487014,278
278,the-vault-staked-sol,vsol,The Vault Staked SOL,205364424,279
279,fidelity-digital-interest-token,fdit,Fidelity Digital Interest Token,204859164,280
280,theo-short-duration-us-treasury-fund,thbill,Theo Short Duration US Treasury Fund,204473871,281
281,monad,mon,Monad,203351129,282
282,immutable-x,imx,Immutable,202207403,283
283,thorchain,rune,THORChain,202139943,284
284,polygon-bridged-wbtc-polygon-pos,wbtc,Polygon Bridged WBTC (Polygon POS),202068711,285
285,walrus-2,wal,Walrus,199518329,286
286,zero-gravity,0g,0G,199375017,287
287,1inch,1inch,1INCH,198729807,288
288,build-on,b,BUILDon,195371491,289
289,solv-protocol-solvbtc-bbn,xsolvbtc,Solv Protocol Staked BTC,193954269,290
290,wrapped-hype,whype,Wrapped HYPE,193372956,291
291,savings-dai,sdai,Savings Dai,191693867,292
292,tradable-na-rent-financing-platform-sstn,pc0000031,Tradable NA Rent Financing Platform SSTN,189500000,293
293,wrapped-avax,wavax,Wrapped AVAX,188934668,294
294,loaded-lions,lion,Loaded Lions,185687214,295
295,infinifi-usd,iusd,InfiniFi USD,185287245,296
296,lombard-protocol,bard,Lombard,183626768,297
297,eigenlayer,eigen,EigenCloud (prev. EigenLayer),180865560,298
298,wrapped-aave-ethereum-usdt,waethusdt,Wrapped Aave Ethereum USDT,180689019,299
299,cronos-bridged-usdc-cronos,usdc,Cronos Bridged USDC (Cronos),179993225,300
300,resolv-rlp,rlp,Resolv Liquidity Provider Token,179662017,301
301,vaulta,a,Vaulta,179110787,302
302,mx-token,mx,MX,178886385,303
303,safepal,sfp,SafePal,178041045,304
304,shmeegus,shmeegus,Shmeegus,175075968,305
305,astherus-usdf,usdf,Aster USDF,174984640,306
306,gauntlet-usdc-prime-morpho-vault,gtusdc,Gauntlet USDC Prime Morpho Vault,174611798,307
307,cheems-token,cheems,Cheems Token,173501333,308
308,origintrail,trac,OriginTrail,172038395,309
309,flare-bridged-xrp-flare,fxrp,Flare Bridged XRP (Flare),171941072,310
310,kamino,kmno,Kamino,171675791,311
311,bedrock-btc,brbtc,Bedrock BTC,171561141,312
312,rollbit-coin,rlb,Rollbit Coin,170558751,313
313,elrond-erd-2,egld,MultiversX,169502256,314
314,amp-token,amp,Amp,168395965,315
315,adi-token,adi,ADI,167883745,316
316,zencash,zen,Horizen,167534520,317
317,staked-frax-ether,sfrxeth,Staked Frax Ether,166933744,318
318,apecoin,ape,ApeCoin,165731179,319
319,bianrensheng,币安人生,币安人生 (BinanceLife),165640255,320
320,wemix-token,wemix,WEMIX,162583153,321
321,bnb48-club-token,koge,KOGE,161944613,322
322,binance-peg-cardano,ada,Binance-Peg Cardano,160665051,323
323,standx-dusd,dusd,StandX DUSD,160184808,324
324,ethena-staked-ena,sena,Ethena Staked ENA,158845499,325
325,ribbita-by-virtuals,tibbir,Ribbita by Virtuals,158641627,326
326,satoshi-stablecoin,satusd,Satoshi Stablecoin,158558380,327
327,wormhole,w,Wormhole,157172364,328
328,jpool,jsol,JPool Staked SOL,156652756,329
329,livepeer,lpt,Livepeer,156348013,330
330,gmt-token,gomining,GoMining Token,155670334,331
331,beam-2,beam,Beam,155563368,332
332,jito-governance-token,jto,Jito,154378653,333
333,melania-meme,melania,Melania Meme,152338848,334
334,keeta,kta,Keeta,152243442,335
335,seeker,skr,Seeker,151919012,336
336,aethir,ath,Aethir,151661421,337
337,wrapped-ethereum-sollet,soeth,Wrapped Ethereum (Sollet),150045984,338
338,gusd,gusd,GUSD,149531370,339
339,sosovalue,soso,SoSoValue,149085921,340
340,railgun,rail,Railgun,148606721,341
341,phantom-staked-sol,psol,Phantom Staked SOL,147966001,342
342,dexe,dexe,DeXe,147257164,343
343,coca,coca,COCA,146832205,344
344,stasis-eurs,eurs,STASIS EURO,145231430,345
345,zora,zora,Zora,144417665,346
346,reserve-rights-token,rsr,Reserve Rights,143241059,347
347,havven,snx,Synthetix,141673010,348
348,meta-2-2,meta,MetaDAO,141638626,349
349,concordium,ccd,Concordium,140741134,350
350,binance-peg-sol,sol,Binance-Peg SOL,139277770,351
351,tokenize-xchange,tkx,Tokenize Xchange,138271687,352
352,blazestake-staked-sol,bsol,BlazeStake Staked SOL,137640287,353
353,fogo,fogo,Fogo,137451591,354
354,payfi-strategy-token-usdc,pstusdc,PayFi Strategy Token USDC,137003810,355
355,dydx-chain,dydx,dYdX,136652591,356
356,nxm,nxm,Nexus Mutual,136494093,357
357,apollo-diversified-credit-securitize-fund,acred,Apollo Diversified Credit Securitize Fund,135637162,358
358,creditcoin-2,ctc,Creditcoin,134944917,359
359,midas-mf-one,mf-one,Midas mF-ONE,134810400,360
360,qtum,qtum,Qtum,134569865,361
361,universal-btc,unibtc,Universal BTC,134150830,362
362,superfarm,super,SuperVerse,133310247,363
363,dola-usd,dola,DOLA,133059240,364
364,oasis-network,rose,Oasis,132496139,365
365,venice-token,vvv,Venice Token,132427206,366
366,flow,flow,Flow,132039874,367
367,zano,zano,Zano,131888822,368
368,based-brett,brett,Brett,131449964,369
369,theta-fuel,tfuel,Theta Fuel,130512072,370
370,rekt-4,rekt,Rekt,129745607,371
371,origin-ether,oeth,Origin Ether,129440128,372
372,frax-usd,frxusd,Frax USD,128901664,373
373,verge,xvg,Verge,127620071,374
374,meteora,met,Meteora,127038805,375
375,akash-network,akt,Akash Network,124630960,376
376,bitmart-token,bmx,BitMart,123664303,377
377,wrapped-pulse-wpls,wpls,Wrapped Pulse,123538321,378
378,four,form,Four,123287420,379
379,soon-2,soon,SOON,123102107,380
380,ozone-chain,ozo,Ozone Chain,123080411,381
381,gas,gas,Gas,122855156,382
382,wrapped-ether-linea,weth,Bridged Wrapped Ether (Linea),122454712,383
383,dog-go-to-the-moon-rune,dog,Dog (Bitcoin),121204320,384
384,merlin-chain,merl,Merlin Chain,121196908,385
385,toshi,toshi,Toshi,120569394,386
386,grass,grass,Grass,120323145,387
387,pleasing-usd,pusd,Pleasing USD,120186824,388
388,sapien-2,sapien,Sapien,118586114,389
389,kusama,ksm,Kusama,118428744,390
390,safe,safe,Safe,118236141,391
391,nervos-network,ckb,Nervos Network,117660520,392
392,coredaoorg,core,Core,117360192,393
393,re-protocol-reusd,reusd,Re Protocol reUSD,116637702,394
394,yearn-finance,yfi,yearn.finance,116298468,395
395,gaib-ai-dollar-alpha-usdc,aidausdc,Gaib AI Dollar Alpha USDC,114595062,396
396,cow-protocol,cow,CoW Protocol,114193819,397
397,crypto-com-staked-eth,cdceth,Crypto.com Staked ETH,113956605,398
398,staked-trx,strx,Staked TRX,113859212,399
399,pieverse,pieverse,Pieverse,113247976,400
400,mag7-ssi,mag7.ssi,MAG7.ssi,112681624,401
401,mina-protocol,mina,Mina Protocol,111972105,402
402,nietzschean-penguin,penguin,Nietzschean Penguin,111880152,403
403,avant-usd,avusd,Avant USD,111740088,404
404,steakhouse-eth-morpho-vault,steaketh,Steakhouse ETH Morpho Vault,111060026,405
405,bitkub-coin,kub,KUB Coin,110639523,406
406,polygon-bridged-weeth-katana,weeth,Polygon Bridged weETH (Katana),110557428,407
407,ravencoin,rvn,Ravencoin,110541991,408
408,movement,move,Movement,110038588,409
409,coco-2,coco,coco,109718420,410
410,super-oeth,superoeth,Super OETH,109336467,411
411,aioz-network,aioz,AIOZ Network,108657209,412
412,edu-coin,edu,Open Campus,107683010,413
413,would,would,would,107385812,414
414,staked-hype,sthype,Staked HYPE,107239759,415
415,velo,velo,Velo,107179860,416
416,0x,zrx,0x Protocol,106749446,417
417,securitize-tokenized-aaa-clo-fund,stac,Securitize Tokenized AAA CLO Fund,105431532,418
418,stp-network,awe,AWE Network,104634674,419
419,linea,linea,Linea,104549597,420
420,ronin,ron,Ronin,104451340,421
421,baby-doge-coin,babydoge,Baby Doge Coin,104293524,422
422,turbo,turbo,Turbo,103710225,423
423,digibyte,dgb,DigiByte,103409226,424
424,anzen-usdz,usdz,Anzen USDz,103247540,425
425,reserve-protocol-eth-plus,eth+,ETHPlus,103020487,426
426,impossible-cloud-network-token,icnt,Impossible Cloud Network Token,102660365,427
427,wrapped-savings-rusd,wsrusd,Wrapped Savings rUSD,102183415,428
428,home,home,HOME,101556898,429
429,kaito,kaito,KAITO,101434598,430
430,threshold-network-token,t,Threshold Network,101397580,431
431,mnee-usd-stablecoin,mnee,MNEE USD Stablecoin,100908579,432
432,tradable-singapore-fintech-ssl-2,pc0000023,Tradable Singapore Fintech SSL,100846154,433
433,ring-usd,usdr,Ring USD,100243190,434
434,xdai,xdai,XDAI,100154284,435
435,berachain-bera,bera,Berachain,100077384,436
436,qusdt,qusdt,QOM One Bridged USDT (QL1),99941095,437
437,deep,deep,DeepBook,99725681,438
438,arkham,arkm,Arkham,99622343,439
439,pleasing-gold,pgold,Pleasing Gold,98361503,440
440,etherfi-weeths,weeths,ether.fi weETHs,98172042,441
441,cash-4,cash,CASH,97942153,442
442,zilliqa,zil,Zilliqa,97236496,443
443,alchemist-ai,alch,Alchemist AI,96339592,444
444,aleo,aleo,ALEO,95874281,445
445,mog-coin,mog,Mog Coin,95796239,446
446,conscious-token,conscious,Conscious Token,95299301,447
447,axelar,axl,Axelar,94316162,448
448,astar,astr,Astar,94276312,449
449,onyc,onyc,Onchain Yield Coin,94073985,450
450,irys,irys,Irys,93649053,451
451,mocaverse,moca,Moca Network,93370018,452
452,uchain-2,ucn,UCHAIN,93052009,453
453,drift-protocol,drift,Drift Protocol,92895840,454
454,nano,xno,Nano,92633221,455
455,zetachain,zeta,ZetaChain,92238085,456
456,ether-fi-staked-btc,ebtc,Ether.fi Staked BTC,92190950,457
457,usda-3,usda,USDA,92042738,458
458,magic-eden,me,Magic Eden,90975090,459
459,agentfun-ai,agentfun,AgentFun.AI,90742711,460
460,vaultbridge-bridged-wbtc-katana,vbwbtc,VaultBridge Bridged WBTC (Katana),90305223,461
461,babypie-wrapped-btc,mbtc,Babypie Wrapped BTC,90086692,462
462,renzo-restaked-lst,pzeth,Renzo Restaked LST,90062497,463
463,savings-xdai,sdai,Savings xDAI,89629285,464
464,unibase,ub,Unibase,89430166,465
465,luxxcoin,lux,Luxxcoin,89359738,466
466,avant-staked-usd,savusd,Avant Staked USD,89124141,467
467,bridged-usd-coin-linea,usdc,Linea Bridged USDC (Linea),89110131,468
468,strata-senior-usde,srusde,Strata Senior USDe,88645259,469
469,avantis,avnt,Avantis,88398194,470
470,venus,xvs,Venus,88371471,471
471,shuffle-2,shfl,Shuffle,88141693,472
472,dusk-network,dusk,DUSK,88018037,473
473,cronos-bridged-usdt-cronos,usdt,Cronos Bridged USDT (Cronos),87905087,474
474,nexpace,nxpc,Nexpace,87774324,475
475,swop-2,swop,Swop,87564482,476
476,kava,kava,Kava,87361962,477
477,temple,temple,TempleDAO,87315140,478
478,proton,xpr,XPR Network,87297320,479
479,bio-protocol,bio,Bio Protocol,86817080,480
480,novem-pro,nvm,Novem Pro,85957783,481
481,siacoin,sc,Siacoin,84433167,482
482,chutes,sn64,Chutes,83579142,483
483,holotoken,hot,Holo,83438323,484
484,ordinals,ordi,ORDI,83376384,485
485,unit-pump,upump,Unit Pump,82356427,486
486,vicicoin,vcnt,ViciCoin,82226000,487
487,tdccp,tdccp,TDCCP,81567339,488
488,sushi,sushi,Sushi,81499063,489
489,qubic-network,qubic,Qubic,81478030,490
490,blur,blur,Blur,81034007,491
491,pirate-chain,arrr,Pirate Chain,80698665,492
492,frax-share,frax,Frax (prev. FXS),80205250,493
493,vvs-finance,vvs,VVS Finance,79952677,494
494,cat-in-a-dogs-world,mew,cat in a dogs world,79595764,495
495,pay-coin,pci,Paycoin,79471037,496
496,plume,plume,Plume,79036229,497
497,request-network,req,Request,78922718,498
498,compound-ether,ceth,cETH,78882421,499
499,metal-blockchain,metal,Metal Blockchain,78779573,500
500,mantra-dao,om,MANTRA,78774758,501
501,staked-usd1,susd1+,staked USD1+,78701923,502
502,yooldo-games,esports,Yooldo Games,78701388,503
503,societe-generale-forge-eurcv,eurcv,EUR CoinVertible,77764538,504
504,matrixdock-gold,xaum,Matrixdock Gold,77726567,505
505,aelf,elf,aelf,77587928,506
506,vethor-token,vtho,VeThor,77352011,507
507,chainopera-ai,coai,ChainOpera AI,77261564,508
508,comedian,ban,Comedian,76852572,509
509,space-and-time,sxt,Space and Time,76594523,510
510,earnausd,earnausd,earnAUSD,76566621,511
511,gama-token,gama,Gama Token,76460662,512
512,susda,susda,sUSDa,75927101,513
513,openeden-open-dollar,usdo,OpenEden OpenDollar,75656657,514
514,xyo-network,xyo,XYO Network,75373127,515
515,vaneck-treasury-fund,vbill,VanEck Treasury Fund,75123866,516
516,popcat,popcat,Popcat,75118036,517
517,felix-feusd,feusd,Felix feUSD,75114250,518
518,venom,venom,Venom,74982828,519
519,ini,ini,INI,74817489,520
520,coinex-token,cet,CoinEx,74745765,521
521,cygnus-finance-global-usd,cgusd,Cygnus Finance Global USD,74593992,522
522,gmx,gmx,GMX,74263430,523
523,verus-coin,vrsc,Verus,73755807,524
524,okx-wrapped-btc,xbtc,OKX Wrapped BTC,73733638,525
525,numeraire,nmr,Numeraire,73698876,526
526,superbridge-bridged-wsteth-optimism,wsteth,Superbridge Bridged wstETH (Optimism),73681988,527
527,helius-staked-sol,hsol,Helius Staked SOL,73647012,528
528,redstone-oracles,red,RedStone,73526056,529
529,islamic-coin,islm,Islamic Coin,73485764,530
530,succinct,prove,Succinct,73288314,531
531,bc-token,bc,BCGame Coin,73267550,532
532,iotex,iotx,IoTeX,73172701,533
533,debridge,dbr,deBridge,72879030,534
534,recall,recall,Recall,72554645,535
535,peanut-the-squirrel,pnut,Peanut the Squirrel,72062273,536
536,ravedao,rave,RaveDAO,71508436,537
537,binance-peg-shib,shib,Binance-Peg SHIB,71254147,538
538,puff-the-dragon,puff,Puff The Dragon,70976585,539
539,world-assets,inc,WorldAssets,69977896,540
540,celo,celo,Celo,69004608,541
541,l2-standard-bridged-weth-optimism,weth,L2 Standard Bridged WETH (Optimism),68766544,542
542,deso,deso,Decentralized Social,68674406,543
543,vana,vana,Vana,68596544,544
544,mindwavedao,nila,MindWaveDAO,68523323,545
545,sign-global,sign,Sign,68299489,546
546,ai-companions,aic,AI Companions,68044646,547
547,geodnet,geod,Geodnet,67963438,548
548,centrifuge-2,cfg,Centrifuge,67879745,549
549,omni-network,omni,Omni Network [Old],67745513,550
550,polymesh,polyx,Polymesh,67689216,551
551,sahara-ai,sahara,Sahara AI,67654808,552
552,bridged-wrapped-ether-starkgate,eth,Bridged Ether (StarkGate),67625157,553
553,non-playable-coin,npc,Non-Playable Coin,67168161,554
554,moo-deng,moodeng,Moo Deng,67079492,555
555,subsquid,sqd,SQD,66769380,556
556,orca,orca,Orca,65700147,557
557,niza-global-2,niza,Niza Global,65574704,558
558,moonwell-flagship-eth-morpho-vault,mweth,Moonwell Flagship ETH (Morpho Vault),65569390,559
559,dfdv-staked-sol,dfdvsol,DFDV Staked SOL,65563554,560
560,quai-network,quai,Quai Network,65428282,561
561,bridged-wrapped-steth-gnosis,wsteth,Bridged Wrapped stETH (Gnosis),65380789,562
562,waves,waves,Waves,65257648,563
563,onfa,oft,ONFA,65040119,564
564,haedal-staked-sui,hasui,Haedal Staked SUI,64954231,565
565,midas-mhyper,mhyper,Midas mHYPER,64811768,566
566,avalanche-bridged-weth-avalanche,weth,Avalanche Bridged WETH (Avalanche),64480123,567
567,memecoin-2,meme,Memecoin,64120954,568
568,zignaly,zig,ZIGChain,63672024,569
569,siren-2,siren,Siren,63479429,570
570,kgen,kgen,KGeN,63008998,571
571,compound-wrapped-btc,cwbtc,cWBTC,62917205,572
572,tether-gold-tokens,xaut0,Tether Gold Tokens,62802155,573
573,magic-internet-money-arbitrum,mim,Magic Internet Money (Arbitrum),62563254,574
574,mask-network,mask,Mask Network,62543020,575
575,ankr,ankr,Ankr Network,62432806,576
576,altlayer,alt,AltLayer,61979606,577
577,casper-network,cspr,Casper Network,61856918,578
578,useless-3,useless,Useless Coin,61650146,579
579,staked-usdt,stusdt,stUSDT Staked USDT,61633012,580
580,fluid-wrapped-staked-eth,fwsteth,Fluid Wrapped Staked ETH,61628309,581
581,pumpbtc,pumpbtc,pumpBTC,61582192,582
582,mbg-by-multibank-group,mbg,MBG By Multibank Group,61334548,583
583,stargate-finance,stg,Stargate Finance,61269307,584
584,uma,uma,UMA,61218731,585
585,bitdca,bdca,BitDCA,60945526,586
586,chia,xch,Chia,60893809,587
587,skale,skl,SKALE,60890602,588
588,victoria-vr,vr,Victoria VR,60388145,589
589,compounding-open-dollar,cusdo,Compounding OpenDollar,60352009,590
590,usdx,usdx,USDX,60103189,591
591,apex-4,ap3x,APEX,59975440,592
592,yuzu-usd,yzusd,Yuzu USD,59851804,593
593,icon,icx,ICON,59731133,594
594,loopring,lrc,Loopring,59423401,595
595,chex-token,chex,Chintai,59333844,596
596,jelly-my-jelly,jellyjelly,Jelly-My-Jelly,59206056,597
597,yei-finance,clo,Yei Finance,59134672,598
598,gohome,gohome,GOHOME,58807173,599
599,dai-on-pulsechain,dai,DAI on PulseChain,58643496,600
600,biconomy,bico,Biconomy,58604830,601
601,lagrange,la,Lagrange,58383312,602
602,brevis,brev,Brevis,58148056,603
603,usd-coin-ethereum-bridged,usdc.e,Arbitrum Bridged USDC (Arbitrum),58136974,604
604,mey-network,mey,Mey Network,58114716,605
605,alchemy-pay,ach,Alchemy Pay,58066520,606
606,ssv-network,ssv,SSV Network,57966610,607
607,api3,api3,Api3,57726736,608
608,ardor,ardr,Ardor,57604349,609
609,pundi-x-2,pundix,Pundi X,57522185,610
610,solo-coin,solo,Sologenic,57167279,611
611,sweth,sweth,Swell Ethereum,57023070,612
612,bridged-weth,weth,Bridged WETH,56972673,613
613,quantixai,qai,QuantixAI,56956449,614
614,binance-peg-bitcoin-cash,bch,Binance-Peg Bitcoin Cash,56447054,615
615,bitcastle-token,bce,bitcastle Token,56251225,616
616,status,snt,Status,56209230,617
617,enjincoin,enj,Enjin Coin,56205065,618
618,bim-2,bim,BIM,55817631,619
619,kinetiq,kntq,Kinetiq,55556972,620
620,magic-internet-money,mim,Magic Internet Money (Ethereum),55519926,621
621,tesla-xstock,tslax,Tesla xStock,55518247,622
622,bridged-tether-opbnb,usdt,opBNB Bridged USDT (opBNB),55450905,623
623,anvil,anvl,Anvil,55412412,624
624,straitsx-xusd,xusd,StraitsX XUSD,55373139,625
625,bora,bora,BORA,54907824,626
626,anchored-coins-eur,aeur,Anchored Coins AEUR,54890690,627
627,tellor,trb,Tellor Tributes,54828552,628
628,vaultbridge-bridged-eth-katana,vbeth,VaultBridge Bridged ETH (Katana),54813993,629
629,ontology,ont,Ontology,54640729,630
630,binance-usd,busd,BUSD,54566579,631
631,notcoin,not,Notcoin,54452145,632
632,cysic,cys,Cysic,54174062,633
633,restaked-swell-eth,rsweth,Restaked Swell ETH,54086329,634
634,ink-bridged-weth-ink,weth,Ink Bridged WETH (Ink),53971674,635
635,infrared-bera,ibera,Infrared Bera,53937485,636
636,gxchain,gxc,GXChain,53917172,637
637,illuvium,ilv,Illuvium,53846606,638
638,terra-luna-2,luna,Terra,53789488,639
639,snek,snek,Snek,53616481,640
640,spark-2,spk,Spark,53563787,641
641,escoin-token,elg,Escoin,53238378,642
642,stargate-bridged-usdc,usdc.e,Stargate Bridged USDC,53201216,643
643,ai-rig-complex,arc,AI Rig Complex,53149672,644
644,harmony,one,Harmony,53132528,645
645,ethereum-pow-iou,ethw,EthereumPoW,52845237,646
646,secret,scrt,Secret,52609589,647
647,quack-ai,q,Quack AI,52540626,648
648,ondo-u-s-dollar-token,usdon,Ondo U.S. Dollar Token,52412021,649
649,law-blocks,lbt,Law Blocks,52411858,650
650,stargate-bridged-weth,weth,Stargate Bridged WETH,52108908,651
651,binance-peg-litecoin,ltc,Binance-Peg Litecoin,52006351,652
652,eni-bridged-usdt-eni,usdt,ENI Bridged USDT (ENI),51956204,653
653,wrapped-cro,wcro,Wrapped CRO,51892009,654
654,mezo-wrapped-btc,btc,Mezo Wrapped BTC,51773793,655
655,hex-trust-usdx,usdx,Hex Trust USD,51691118,656
656,babylon,baby,Babylon,51569336,657
657,auction,auction,Bounce,51531135,658
658,changenow,now,ChangeNOW,51515905,659
659,giggle-fund,giggle,Giggle Fund,50884968,660
660,carv,carv,CARV,50836368,661
661,hashkey-ecopoints,hsk,HashKey Platform Token,50722335,662
662,orbs,orbs,Orbs,50471885,663
663,ark,ark,ARK,50421050,664
664,amiko,amiko,Amiko,50243669,665
665,lcx,lcx,LCX,50199585,666
666,world-mobile-token,wmtx,World Mobile Token,50178891,667
667,project-galaxy,gal,GAL (migrated to Gravity - G),49986528,668
668,alloy-tether,ausdt,Alloy Tether,49967932,669
669,usdkg,usdkg,USDKG,49920699,670
670,tokenlon,lon,Tokenlon,49869309,671
671,resupply-usd,reusd,Resupply USD,49627720,672
672,eurite,euri,Eurite,49623797,673
673,neiro-3,neiro,Neiro,49421909,674
674,apex-token-2,apex,APEX,49003318,675
675,wrapped-aave-ethereum-weth,waethweth,Wrapped Aave Ethereum WETH,48956108,676
676,gemini-dollar,gusd,Gemini Dollar,48776686,677
677,stepn,gmt,GMT,48656383,678
678,hive,hive,Hive,48601779,679
679,marsmi,marsmi,MarsMi,48405859,680
680,band-protocol,band,Band,48402737,681
681,mountain-protocol-usdm,usdm,Mountain Protocol USD,48126439,682
682,helder,hldr,Helder,48009603,683
683,firelight-staked-xrp,stxrp,Firelight Staked XRP,48001997,684
684,usd,usd+,Overnight.fi USD+,48001035,685
685,fight-2,fight,FIGHT,47679707,686
686,mass-vehicle-ledger,mvl,MVL,47657889,687
687,coti,coti,COTI,47641333,688
688,paxos-standard,usdp,Pax Dollar,47551399,689
689,fulcrom,ful,Fulcrom,47447996,690
690,iostoken,iost,IOST,47286675,691
691,power-ledger,powr,Powerledger,47212741,692
692,pythia,pythia,PYTHIA,47186526,693
693,just-a-frog,frog,just a frog,47101272,694
694,alphabet-class-a-ondo-tokenized-stock,googlon,Alphabet Class A (Ondo Tokenized Stock),47047620,695
695,sygnum-fiusd-liquidity-fund,fiusd,Sygnum FIUSD Liquidity Fund,46963990,696
696,sui-bridged-ether-sui,sbeth,Sui Bridged Ether (Sui),46953505,697
697,fractal-bitcoin,fb,Fractal Bitcoin,46941714,698
698,gunz,gun,Gunz,46855274,699
699,grx-chain,grx,GRX Chain,46835763,700
700,unipoly,unp,Unipoly,46755272,701
701,peaq-2,peaq,peaq,46740350,702
702,constitutiondao,people,ConstitutionDAO,46706035,703
703,ronin-bridged-weth-ronin,weth,Ronin Bridged WETH (Ronin),46525618,704
704,strata-junior-usde,jrusde,Strata Junior USDe,46415608,705
705,georgeplaysclashroyale,clash,GeorgePlaysClashRoyale,46071153,706
706,blast,blast,Blast,45908081,707
707,woo-network,woo,WOO,45889476,708
708,ethgas-2,gwei,ETHGas,45810406,709
709,bridged-nxpc,nxpc,Bridged NXPC,45808952,710
710,derive,drv,Derive,45776491,711
711,nkyc-token,nkyc,NKYC Token,45593603,712
712,yield-guild-games,ygg,Yield Guild Games,45418089,713
713,vaultbridge-bridged-usdt-katana,vbusdt,Vault Bridge Bridged USDT (Katana),45273524,714
714,coreum,coreum,Coreum,45193460,715
715,nomina,nom,Nomina,45147995,716
716,bridged-wrapped-bitcoin-starkgate,wbtc,Bridged Wrapped Bitcoin (StarkGate),44918872,717
717,momentum-3,mmt,Momentum,44895312,718
718,cronos-bridged-wbtc-cronos,wbtc,Cronos Bridged WBTC (Cronos),44859911,719
719,unit-plasma,uxpl,Unit Plasma,44786775,720
720,swftcoin,swftc,SWFTCOIN,44729163,721
721,whiteheart,white,Whiteheart,44544702,722
722,atoshi,atos,Atoshi,44510084,723
723,tagger,tag,TAGGER,44490244,724
724,rocket-pool,rpl,Rocket Pool,44193628,725
725,cyberconnect,cyber,CYBER,44159247,726
726,planet-ix,aix,Planet IX,43907236,727
727,usual,usual,Usual,43667380,728
728,ecomi,omi,ECOMI,43442017,729
729,somnia,somi,Somnia,43434462,730
730,apertum,aptm,Apertum,43332291,731
731,iexec-rlc,rlc,iExec RLC,43230569,732
732,bancor,bnt,Bancor Network,43050260,733
733,yzy,yzy,YZY,43024806,734
734,power-protocol,power,Power Protocol,42921399,735
735,stronghold-token,shx,Stronghold,42762759,736
736,echelon-prime,prime,Echelon Prime,42750566,737
737,binance-peg-zcash-token,zec,Binance-Peg ZEC,42631892,738
738,glidr,glidr,Glidr,42525941,739
739,atomone,atone,AtomOne,42523894,740
740,mango-network,mgo,Mango Network,42454829,741
741,ore,ore,ORE,42416085,742
742,moonwell-flagship-usdc-morpho-vault,mwusdc,Moonwell Flagship USDC (Morpho Vault),42380746,743
743,usdu,usdu,USDu,42183402,744
744,surge-4,surge,Surge,42150734,745
745,io,io,io.net,42150327,746
746,bridged-tether-linea,usdt,Linea Bridged USDT (Linea),42140229,747
747,spell-token,spell,Spell,42064553,748
748,ridges-ai,sn62,Ridges AI,42048376,749
749,huma-finance,huma,Huma Finance,41926028,750
750,stratis,strax,Xertra,41820705,751
751,storx,srx,StorX,41819980,752
752,rserg,rserg,rsERG,41780684,753
753,aegis-yusd,yusd,Aegis YUSD,41753928,754
754,caldera,era,Caldera,41736230,755
755,big-time,bigtime,Big Time,41664407,756
756,banana-for-scale-2,bananas31,Banana For Scale,41649520,757
757,coinbase-wrapped-xrp,cbxrp,Coinbase Wrapped XRP,41582944,758
758,austin-capitals,aux,Austin Capitals,41532571,759
759,dogelon-mars,elon,Dogelon Mars,41516279,760
760,sai,sai,Sai,41409808,761
761,cross-2,cross,CROSS,41295733,762
762,constellation-labs,dag,Constellation,41263795,763
763,spacecoin-2,space,Spacecoin,41237255,764
764,nockchain,nock,Nockchain,41173653,765
765,kinetiq-earn-vault,vkhype,Kinetiq Earn Vault,41021970,766
766,binance-peg-dai,dai,Binance-Peg DAI,40980692,767
767,lisk,lsk,Lisk,40838199,768
768,swipe,sxp,Solar,40709995,769
769,lista,lista,Lista DAO,40787634,770
770,unifai-network,uai,UnifAI Network,40779830,771
771,kelp-gain,ageth,Kelp Gain,40640549,772
772,celium,sn51,lium,40470349,773
773,wrapped-dag,wdag,Wrapped DAG,40330234,774
774,energy-web-token,ewt,Energy Web,40247944,775
775,proprietary-trading-network,sn8,Proprietary Trading Network,40172416,776
776,zelcash,flux,Flux,39822554,777
777,fx-usd-saving,fxsave,f(x) USD Saving,39937730,778
778,prometeus,prom,Prom,39759958,779
779,osmosis,osmo,Osmosis,39735981,780
780,tokamak-network,ton,Tokamak Network,39741469,781
781,book-of-meme,bome,BOOK OF MEME,39732389,782
782,palladium-network,plld,Palladium Network,39705539,783
783,deapcoin,dep,DEAPCOIN,39655577,784
784,audius,audio,Audius,39564421,785
785,burnedfi,burn,BurnedFi,39272554,786
786,boundless,zkc,Boundless,39219567,787
787,amnis-aptos,amapt,Amnis Aptos,39167561,788
788,hakimi,哈基米,哈基米 (Hajimi),39166631,789
789,tornado-cash,torn,Tornado Cash,38843978,790
790,usd-coin-avalanche-bridged-usdc-e,usdc.e,Avalanche Bridged USDC (Avalanche),39101039,791
791,collect-on-fanable,collect,Collect on Fanable,39078921,792
792,milk-alliance,mlk,MiL.k,38992145,793
793,slash-vision-labs,svl,Slash Vision Labs,38937963,794
794,hylo-usd,hyusd,Hylo USD,38903512,795
795,sui-bridged-wbtc-sui,wbtc,Sui Bridged WBTC (Sui),38817557,796
796,skyai,skyai,SkyAI,38796997,797
797,liquity-bold-2,bold,BOLD,38795971,798
798,acurast,acu,Acurast,38759326,799
799,targon,sn4,Targon,38738721,800
800,midas-mtbill,mtbill,Midas mTBILL,38721420,801
801,nyc-token,nyc,NYC,38603726,802
802,socean-staked-sol,inf,Sanctum Infinity,38432224,803
803,lava-network,lava,Lava Network,38331449,804
804,hermez-network-token,hez,Hermez Network,38316838,805
805,audiera,beat,Audiera,38275809,806
806,g-token,g,Gravity (by Galxe),38247222,807
807,degen-base,degen,Degen,38170523,808
808,rif-token,rif,Rootstock Infrastructure Framework,37966343,809
809,everipedia,iq,IQ,38105364,810
810,certik,ctk,Shentu,37927124,811
811,anime,anime,Animecoin,37981811,812
812,smardex,sdex,SMARDEX,37963288,813
813,wax,waxp,WAX,37952262,814
814,doodles,dood,Doodles,37885030,815
815,kyber-network-crystal,knc,Kyber Network Crystal,37770159,816
816,openledger-2,open,OpenLedger,37589946,817
817,helio-protocol-hay,lisusd,Lista USD,37445822,818
818,bsquared-network,b2,BSquared Network,37374514,819
819,nirvana-ana-2,ana,Nirvana ANA,37134321,820
820,corn-3,corn,Corn,37126215,821
821,glue,wglue,Wrapped Glue,37106035,822
822,delysium,agi,Delysium,37084584,823
823,dovu-2,dovu,DOVU,37037490,824
824,santos-fc-fan-token,santos,Santos FC Fan Token,36961115,825
825,euler,eul,Euler,36869541,826
826,wrapped-frax,wfrax,Wrapped FRAX,36709153,827
827,botxcoin,botx,BOTXCOIN,36684877,828
828,enso,enso,Enso,36683654,829
829,xpin-network,xpin,XPIN Network,36674419,830
830,apro,at,Apro,36616085,831
831,ong,ong,Ontology Gas,36106731,832
832,harrypotterobamasonic10in,bitcoin,HarryPotterObamaSonic10Inu (ETH),36283196,833
833,the-white-whale,whitewhale,The White Whale,36213009,834
834,terrausd,ustc,TerraClassicUSD,35949708,835
835,ergo,erg,Ergo,35717322,836
836,resolv,resolv,Resolv,35567224,837
837,celo-dollar,usdm,Mento Dollar,35547429,838
838,steem,steem,Steem,35447564,839
839,affine,sn120,affine,35425797,840
840,gold-park,gpt,Gold Park,35165304,841
841,safecoin,safe,SAFEbit,35109477,842
842,aevo-exchange,aevo,Aevo,34903470,843
843,taiko,taiko,Taiko,34848926,844
844,metis-token,metis,Metis,34715051,845
845,civic,cvc,Civic,34670996,846
846,snowbank,sb,Snowbank,34632015,847
847,vaultbridge-bridged-usdc-katana,vbusdc,VaultBridge Bridged USDC (Katana),34589736,848
848,hylo-staked-sol,hylosol,Hylo Staked SOL,34516849,849
849,olaxbt,aio,OlaXBT,34506021,850
850,liquity-usd,lusd,Liquity USD,34281929,851
851,sanctum-2,cloud,Cloud,34253676,852
852,wrapped-xrp,wxrp,Wrapped XRP,34149610,853
853,sui-bridged-usdt-sui,sbusdt,Sui Bridged USDT (Sui),34087492,854
854,manta-network,manta,Manta Network,34010779,855
855,gogopool-ggavax,stavax,Hypha Staked AVAX,34007353,856
856,ai-analysis-token,aiat,AI Analysis Token,34000378,857
857,wiki-cat,wkc,Wiki Cat,33998481,858
858,wrapped-nxm,wnxm,Wrapped NXM,34150070,859
859,pha,pha,PHALA,33929831,860
860,f-x-protocol-fxusd,fxusd,f(x) Protocol fxUSD,33885208,861
861,aintivirus,ainti,AIntivirus,33726458,862
862,smooth-love-potion,slp,Smooth Love Potion,33542779,863
863,egl1,egl1,EGL1,33691331,864
864,solayer,layer,Solayer,33666018,865
865,noble-dollar-usdn,usdn,Noble Dollar (USDN),33603965,866
866,chromaway,chr,Chromia,33430893,867
867,songbird,sgb,Songbird,33567910,868
868,cobak-token,cbk,Cobak,33488766,869
869,zentry,zent,Zentry,33127611,870
870,sats-ordinals,sats,SATS (Ordinals),32889778,871
871,babyboomtoken,bbt,BabyBoomToken,32888092,872
872,pumpmeme,pm,PumpMeme,32872519,873
873,tcy,tcy,THORChain Yield,32814211,874
874,xtusd,xtusd,XT Stablecoin XTUSD,32783207,875
875,bit2me,b2m,Bit2Me,32742580,876
876,pinksale,pinksale,PinkSale,32735677,877
877,metal,mtl,Metal DAO,32698710,878
878,liquity,lqty,Liquity,32684571,879
879,hive_dollar,hbd,Hive Dollar,32668607,880
880,universal-eth,unieth,Universal ETH,32647008,881
881,abey,abey,Abey,32533977,882
882,chain-key-bitcoin,ckbtc,Chain-key Bitcoin,32386398,883
883,ishares-silver-trust-ondo-tokenized-stock,slvon,iShares Silver Trust (Ondo Tokenized Stock),32333268,884
884,hivemapper,honey,Hivemapper,32322067,885
885,avici,avici,Avici,32278871,886
886,tronbank,tbk,TronBank,32198007,887
887,goplus-security,gps,GoPlus Security,32165618,888
888,metronome-synth-eth,mseth,Metronome Synth ETH,32142702,889
889,bifrost,bfc,Bifrost,32102582,890
890,linea-bridged-wsteth-linea,wsteth,Linea Bridged wstETH (Linea),32101495,891
891,mira-3,mira,Mira,32067367,892
892,avalanche-old-bridged-wbtc-avalanche,wbtc.e,Avalanche Bridged WBTC (Avalanche),32067139,893
893,ustbl-tokenized-u-s-treasury-bill,ustbl,USTBL,31915198,894
894,templar,sn3,τemplar,31807790,895
895,balancer,bal,Balancer,31755327,896
896,gigachad-2,giga,Gigachad,31669648,897
897,purr-2,purr,Purr,31595640,898
898,dia-data,dia,DIA,31332807,899
899,sdola,sdola,sDOLA,31299027,900
900,mind-network,fhe,Mind Network,31240864,901
901,goatseus-maximus,goat,Goatseus Maximus,31206107,902
902,across-protocol,acx,Across Protocol,31196721,903
903,dacxi,dxi,Dacxi,31131861,904
904,gamebuild,game,GameBuild,31072158,905
905,wrapped-bch,wbch,Wrapped BCH,31031639,906
906,hippo-protocol,hp,Hippo Protocol,30980371,907
907,astherus-staked-usdf,asusdf,Aster Staked USDF,30964447,908
908,aixbt,aixbt,aixbt,30964381,909
909,yield-optimizer-eth,yoeth,Yield Optimizer ETH,30923052,910
910,token-pocket,tpt,TokenPocket Token,30766601,911
911,blockv,vee,BLOCKv,30641753,912
912,meet48,idol,MEET48,30636167,913
913,kujira,kuji,Kujira,30629900,914
914,orderly-network,order,Orderly,30603685,915
915,xtcom-token,xt,XT.com,30350382,916
916,binance-peg-polkadot,dot,Binance-Peg Polkadot,30335784,917
917,btu-protocol,btu,BTU Protocol,30328079,918
918,dkargo,dka,dKargo,30264710,919
919,honey-3,honey,Honey,30203221,920
920,medibloc,med,Medibloc,30087531,921
921,anoma,xan,Anoma,30134512,922
922,tree-capital,tree,Tree,30108099,923
923,cartesi,ctsi,Cartesi,29902879,924
924,tether-rainbow-bridge,usdt.e,Rainbow Bridged USDT (Near),30083290,925
925,staked-frax-usd,sfrxusd,Frax Staked frxUSD,30040677,926
926,usd-coinvertible,usdcv,USD CoinVertible,29982317,927
927,aurora-near,aurora,Aurora,29845115,928
928,folks,folks,FOLKS,29720755,929
929,thena,the,Thena,29698109,930
930,radix,xrd,Radix,29660942,931
931,uquid-coin,uqc,Uquid Coin,29573787,932
932,ao-computer,ao,ao Computer,29534307,933
933,cargox,cxo,CargoX,29502924,934
934,ocean-protocol,ocean,Ocean Protocol,29252670,935
935,elsa,elsa,Elsa,29267380,936
936,hyperlane,hyper,Hyperlane,29266698,937
937,the-grays-currency,ptgc,The Grays Currency,29258040,938
938,xai-blockchain,xai,Xai,29167137,939
939,wrapped-btt-tron,wbtt,Wrapped BTT (Tron),29153604,940
940,space-id,id,SPACE ID,29140818,941
941,kled-ai,kled,Kled AI,29046525,942
942,advertise-coin,adco,Advertise Coin,29006214,943
943,quark-chain,qkc,QuarkChain,29012525,944
944,solv-protocol-solvbtc-jupiter,solvbtc.jup,Solv Protocol SolvBTC Jupiter,28992589,945
945,bridged-usd-coin-optimism,usdc.e,Standard Bridged USDC.e (Optimism),28948586,946
946,magic,magic,Treasure,28892937,947
947,dialectic-eth-vault,deth,Dialectic ETH Vault,28890906,948
948,osaka-protocol,osak,Osaka Protocol,28829365,949
949,holoworld,holo,Holoworld,28676914,950
950,moonwell-artemis,well,Moonwell,28674054,951
951,polygon-bridged-wsteth-polygon,wsteth,Polygon Bridged wstETH (Polygon),28607634,952
952,punkstrategy,pnkstr,PunkStrategy,28592107,953
953,bonk-staked-sol,bonksol,Bonk Staked SOL,28548584,954
954,aergo,aergo,Aergo,28415288,955
955,midas-mmev,mmev,Midas mMEV,28409134,956
956,marlin,pond,Marlin,28334833,957
957,lorenzo-stbtc,stbtc,Lorenzo stBTC,28403823,958
958,wrapped-xpl,wxpl,Wrapped XPL,28260089,959
959,frankencoin,zchf,Frankencoin,28231337,960
960,infinifi-locked-iusd-1week,liusd,infiniFi Locked iUSD (1week),28182492,961
961,wmatic,wpol,Wrapped POL,27870126,962
962,midas-msyrupusdp,msyrupusdp,Midas msyrupUSDp,28052084,963
963,adventure-gold,agld,Adventure Gold,28043078,964
964,vine,vine,Vine,27905178,965
965,qanplatform,qanx,QANplatform,27643273,966
966,mimatic,mimatic,MAI,27586697,967
967,wilder-world,wild,Wilder World,27586674,968
968,adshares,ads,Adshares,27559089,969
969,destra-network,dsync,Destra Network,27522321,970
970,nym,nym,Nym,27493527,971
971,spdr-s-p-500-etf-ondo-tokenized-etf,spyon,SPDR S&P 500 ETF (Ondo Tokenized ETF),27428235,972
972,wrapped-sei,wsei,Wrapped SEI,27302771,973
973,steakhouse-weth,steaketh,Steakhouse WETH V2,27260520,974
974,pepecoin-network,pep,Pepecoin,27221595,975
975,ventuals-vhype,vhype,Ventuals vHYPE,27180644,976
976,b3,b3,B3 (Base),27119409,977
977,global-commercial-business,gcb,Global Commercial Business,27106181,978
978,playsout,play,PlaysOut,27060701,979
979,predictions,prdt,Predictions,27046461,980
980,monerium-eur-money-2,eure,Monerium EUR emoney,26964203,981
981,dymension,dym,Dymension,26956894,982
982,humidifi,wet,HumidiFi,26956040,983
983,chaingpt,cgpt,ChainGPT,26906064,984
984,noon-usn,usn,Noon USN,26789102,985
985,pocket-network,pokt,Pocket Network,26765868,986
986,rocksolid-reth,rock.reth,RockSolid rETH,26707279,987
987,zcoin,firo,Firo,26706634,988
988,ankreth,ankreth,Ankr Staked ETH,26665203,989
989,wrapped-zedxion,wzedx,Wrapped Zedxion,26616389,990
990,swarm-network,truth,Swarm Network,26613541,991
991,chainflip,flip,Chainflip,26468234,992
992,bonfida,fida,Bonfida,26361051,993
993,pre-sp,psp,Pre-SP,26358596,994
994,electronic-usd,eusd,Electronic USD,26353017,995
995,zksync-bridged-usdc-zksync,usdc,zkSync Bridged USDC (zkSync),26344703,996
996,clearpool,cpool,Clearpool,26251586,997
997,seth,seth,sETH,26168402,998
998,marcopolo,mapo,MAP Protocol,26172984,999
999,saakuru-labs,skr,Saakuru,26121178,1000
1000,faith-tribe,ftrb,Faith Tribe,26105968,1001
1001,wink,win,WINkLink,25945540,1002
1002,nusd,susd,Synthetix sUSD,25980236,1003
1003,keep-network,keep,Keep Network,25955626,1004
1004,bxn,bxn,BXN,25929912,1005
1005,hunt-token,hunt,Hunt,25851332,1006
1006,yield-optimizer-usd,yousd,Yield Optimizer USD,25912485,1007
1007,bucket-protocol-buck-stablecoin,buck,Bucket Protocol BUCK Stablecoin,25906676,1008
1008,singularitynet,agix,SingularityNET,25655997,1009
1009,sophon,soph,Sophon,25696147,1010
1010,paal-ai,paal,PAAL AI,25676196,1011
1011,baby-shark-universe,bsu,Baby Shark Universe,25649910,1012
1012,elephant-money,elephant,Elephant Money,25574701,1013
1013,lucidum,lucic,Lucidum,25554406,1014
1014,zkpass,zkp,zkPass,25465366,1015
1015,dolomite,dolo,Dolomite,25446354,1016
1016,autonomi,ant,Autonomi,25413774,1017
1017,monerium-eur-money,eure,Monerium EUR emoney [OLD],25315961,1018
1018,superwalk,grnd,SuperWalk GRND,25264462,1019
1019,wo-ta-ma-laile,我踏马来了,我踏马来了,25259899,1020
1020,banana-gun,banana,Banana Gun,25198217,1021
1021,marinade,mnde,Marinade,25188595,1022
1022,sonic-svm,sonic,Sonic SVM,25145914,1023
1023,auki-labs,auki,Auki,25016750,1024
1024,metamask-usd,musd,MetaMask USD,24963436,1025
1025,mwx-token,mwxt,MWX Token,24947960,1026
1026,wrapped-tao,wtao,Wrapped TAO,24934047,1027
1027,bridged-usd-coin-scroll,usdc,Bridged USD Coin (Scroll),24919111,1028
1028,gamer-tag,gmrt,The Game Company,24840504,1029
1029,definitive,edge,Definitive,24837851,1030
1030,newton-protocol,newt,Newton Protocol,24806876,1031
1031,zerobase,zbt,ZEROBASE,24780719,1032
1032,injective-bridged-usdt-injective,usdt,Injective Bridged USDT (Injective),24695790,1033
1033,score,sn44,Score,24604863,1034
1034,tokenbot-2,clanker,tokenbot,24602849,1035
1035,iagon,iag,Iagon,24556588,1036
1036,optio,opt,Optio,24550760,1037
1037,ageur,eura,EURA,24548231,1038
1038,wrapped-core,wcore,Wrapped CORE,24416262,1039
1039,flock-2,flock,FLOCK,24399056,1040
1040,gains-network,gns,Gains Network,24340885,1041
1041,umbra,umbra,Umbra,24285318,1042
1042,ozapay,oza,Ozapay,24264863,1043
1043,moonriver,movr,Moonriver,24233152,1044
1044,gyroscope-gyd,gyd,Gyroscope GYD,24179937,1045
1045,l2-standard-bridged-usdt-base,usdt,L2 Standard Bridged USDT (Base),24163116,1046
1046,mantle-bridged-usdc-mantle,usdc,Mantle Bridged USDC (Mantle),24159386,1047
1047,bitcoin-limited-edition,btcle,Bitcoin Limited Edition,23972935,1048
1048,syndicate-3,synd,Syndicate,23906274,1049
1049,binance-peg-avalanche,avax,Binance-Peg Avalanche,23863380,1050
1050,electroneum,etn,Electroneum,23760519,1051
1051,oho-blockchain,oho,OHO Blockchain,23633218,1052
1052,invesco-qqq-etf-ondo-tokenized-etf,qqqon,Invesco QQQ ETF (Ondo Tokenized ETF),23536300,1053
1053,0xy,0xy,0xy,23502687,1054
1054,catizen,cati,Catizen,23498173,1055
1055,skor-ai,skorai,SKOR AI,23430398,1056
1056,hydradx,hdx,Hydration,23387340,1057
1057,unit-fartcoin,ufart,Unit Fartcoin,23364719,1058
1058,moviebloc,mbl,MovieBloc,23376073,1059
1059,wazirx,wrx,WazirX,23616907,1060
1060,sharp-token,sharp,Sharp Token,22919458,1061
1061,gleec-coin,gleec,Gleec Coin,22848669,1062
1062,circle-xstock,crclx,Circle xStock,22821955,1063
1063,ekubo-protocol,ekubo,Ekubo Protocol,22815276,1064
1064,hegic,hegic,Hegic,22788863,1065
1065,usualx,usualx,USUALx,22776073,1066
1066,compound-basic-attention-token,cbat,cBAT,22657728,1067
1067,synfutures,f,SynFutures,22721712,1068
1068,nillion,nil,Nillion,22694601,1069
1069,yield-basis,yb,Yield Basis,22671778,1070
1070,ponke,ponke,PONKE,22579094,1071
1071,concierge-io,ava,AVA (Travala),22447444,1072
1072,joe,joe,JOE,22464936,1073
1073,avail,avail,Avail,22345307,1074
1074,a-hunters-dream,caw,A Hunters Dream,22339386,1075
1075,diamond-launch,dlc,Diverge Loop,22334865,1076
1076,troll-2,troll,TROLL,22305922,1077
1077,staked-usn,susn,Staked USN,22296247,1078
1078,iota-2,sn9,iota,22272590,1079
1079,harmony-horizen-bridged-usdc-harmony,1usdc,Harmony Horizon Bridged USDC (Harmony),22249770,1080
1080,fluid-wrapped-ether,fweth,Fluid Wrapped Ether,22245661,1081
1081,apriori,apr,aPriori,22239755,1082
1082,rootstock,rbtc,Rootstock Bitcoin,22092175,1083
1083,coin98,c98,Coin98,21915701,1084
1084,mezo-usd,musd,Mezo USD,21823129,1085
1085,rujira,ruji,Rujira,21784500,1086
1086,arcblock,abt,Arcblock,21864619,1087
1087,moonbeam,glmr,Moonbeam,21776104,1088
1088,gnosis-xdai-bridged-weth-gnosis-chain,weth,Gnosis xDai Bridged WETH (Gnosis Chain),21774351,1089
1089,carrot-2,crt,Carrot,21769544,1090
1090,huobi-token,ht,Huobi,21814982,1091
1091,ishares-core-s-p-500-etf-ondo-tokenized-etf,ivvon,iShares Core S&P 500 ETF (Ondo Tokenized ETF),21757026,1092
1092,sceptre-staked-flr,sflr,Sceptre Staked FLR,21722024,1093
1093,incrypt,inc,Incrypt,21715125,1094
1094,act-i-the-ai-prophecy,act,Act I The AI Prophecy,21704688,1095
1095,omnibridge-bridged-zcash-solana,zec,OmniBridge Bridged Zcash (Solana),21697134,1096
1096,wrapped-bitcoin-pulsechain,wbtc,Wrapped Bitcoin (PulseChain),21693586,1097
1097,foom,foom,Foom,21665886,1098
1098,bouncebit,bb,BounceBit,21665181,1099
1099,superrare,rare,SuperRare,21652613,1100
1100,yieldfi-ytoken,yusd,YieldFi yToken,21563203,1101
1101,maverick-protocol,mav,Maverick Protocol,21539681,1102
1102,bankercoin-2,bnkr,BankrCoin,21539461,1103
1103,lorenzo-protocol,bank,Lorenzo Protocol,21482902,1104
1104,makerdao-arbitrum-bridged-dai-arbitrum-one,dai,MakerDAO Arbitrum Bridged DAI (Arbitrum One),21459911,1105
1105,capx-ai,capx,Capx AI,21438664,1106
1106,velvet,velvet,Velvet,21413804,1107
1107,dora-2,dora,DORA,21402573,1108
1108,usdh-2,usdh,USDH,21349387,1109
1109,benqi,qi,BENQI,21327295,1110
1110,metronome-synth-usd,msusd,Metronome Synth USD,21249710,1111
1111,kinetiq-markets-lst,kmhype,Kinetiq Markets HYPE,21213860,1112
1112,propy,pro,Propy,21205181,1113
1113,unity-2,uty,Unity,21149138,1114
1114,shardus,ult,Shardus,21146675,1115
1115,gradients,sn56,Gradients,21122504,1116
1116,nosana,nos,Nosana,21115347,1117
1117,alethea-artificial-liquid-intelligence-token,ali,Artificial Liquid Intelligence,21110631,1118
1118,uscr,uscr,USCR,21095504,1119
1119,everlyn,lyn,Everlyn,21087431,1120
1120,velodrome-finance,velo,Velodrome Finance,21048793,1121
1121,stake-link,sdl,stake.link,21045868,1122
1122,kernel-2,kernel,KernelDAO,20995328,1123
1123,cetus-protocol,cetus,Cetus Protocol,20774941,1124
1124,metadium,meta,Metadium,20847187,1125
1125,solayer-staked-sol,ssol,Solayer Staked SOL,20736010,1126
1126,stbl,stbl,STBL,20703371,1127
1127,renzo,rez,Renzo,20699244,1128
1128,eclipse-3,es,Eclipse,20674857,1129
1129,xphere,xp,Xphere,20662918,1130
1130,endurance,ace,Fusionist,20657329,1131
1131,hippius,sn75,Hippius,20647672,1132
1132,hyperbeat-usdt,hbusdt,Hyperbeat USDT,20625891,1133
1133,gods-unchained,gods,Gods Unchained,20613171,1134
1134,botanix-pegged-bitcoin,pbtc,Botanix Pegged Bitcoin,20543830,1135
1135,spiko-digital-assets-cash-carry-fund,spkcc,Spiko Digital Assets Cash & Carry Fund,20536306,1136
1136,gnosis-xdai-bridged-usdc-gnosis,usdc,Gnosis xDAI Bridged USDC (Gnosis),20530083,1137
1137,gems-vip,gems,Gems VIP,20482904,1138
1138,particle-network,parti,Particle Network,20439340,1139
1139,tensor,tnsr,Tensor,20277439,1140
1140,max-token,max,MAX,20307835,1141
1141,bob-build-on-bitcoin,bob,BOB (Build on Bitcoin),20255406,1142
1142,real-token,real,Real Token,20222081,1143
1143,celer-network,celr,Celer Network,20106477,1144
1144,strikecoin,strx,StrikeX,20213192,1145
1145,looped-hype,lhype,Looped Hype,20209382,1146
1146,kyuzo-s-friends,ko,Kyuzo's Friends,20154648,1147
1147,aia,aia,DeAgentAI,20144520,1148
1148,hairdao,hair,HairDAO,20140327,1149
1149,dogs-2,dogs,Dogs,20124107,1150
1150,allora,allo,Allora,20104911,1151
1151,equitedge,eeg,EquitEdge,20019981,1152
1152,nvidia-xstock,nvdax,NVIDIA xStock,19978851,1153
1153,solv-protocol,solv,Solv Protocol,19914456,1154
1154,metaplex,mplx,Metaplex,19907209,1155
1155,gigadot,gdot,GIGADOT,19894020,1156
1156,bitlight,light,Bitlight,19833672,1157
1157,cookie,cookie,Cookie DAO,19748229,1158
1158,origin-protocol,ogn,Origin Token,19632797,1159
1159,achain,act,Achain,19671454,1160
1160,openserv,serv,OpenServ,19598227,1161
1161,von,von,VON,19559424,1162
1162,janction,jct,Janction,19521129,1163
1163,mev-capital-usual-boosted-usdc-morpho-vault,usualusdc+,MEV Capital Usual Boosted USDC Morpho Vault,19517939,1164
1164,memex-token,mmx,MEMEX Token,19511983,1165
1165,tether-avalanche-bridged-usdt-e,usdte,Avalanche Bridged USDT (Avalanche),19477138,1166
1166,hyperion-staked-aptos,stapt,Hyperion Staked Aptos,19476844,1167
1167,karma-2,karma,KARMA,19458443,1168
1168,bityuan,bty,Bityuan,19462669,1169
1169,torch-of-liberty,liberty,Torch of Liberty,19441331,1170
1170,sosana,sosana,SOSANA,19430555,1171
1171,seda-2,seda,SEDA,19396241,1172
1172,elysia,el,ELYSIA,19294439,1173
1173,scout-protocol-token,dev,Scout Protocol Token,19339450,1174
1174,jpy-coin,jpyc,JPY Coin,19317828,1175
1175,binance-peg-filecoin,fil,Binance-Peg Filecoin,19301347,1176
1176,layerzero-bridged-usdc-etherlink,usdc,Etherlink Bridged USDC (Etherlink),19282984,1177
1177,owlto-finance,owl,Owlto Finance,19269268,1178
1178,marblex,mbx,MARBLEX,19236932,1179
1179,ampleforth-governance-token,forth,Ampleforth Governance,19220319,1180
1180,elastos,ela,Elastos,19210540,1181
1181,bone-shibaswap,bone,Bone ShibaSwap,19210189,1182
1182,metamui,mmui,MetaMUI,19157206,1183
1183,zeus-netwok-zbtc,zbtc,Zeus Network zBTC,19065797,1184
1184,tribe-2,tribe,Tribe,19059038,1185
1185,boba-network,boba,Boba Network,19058247,1186
1186,l2-standard-bridged-weth-blast,weth,L2 Standard Bridged WETH (Blast),19051003,1187
1187,restaking-vault-eth,rsteth,Restaking Vault ETH,19018746,1188
1188,nxusd,nxusd,NXUSD,18999468,1189
1189,qkacoin,qka,Qkacoin,18957597,1190
1190,mubarak,mubarak,Mubarak,18868984,1191
1191,wrapped-quil,quil,Wrapped QUIL,18854173,1192
1192,degate,dg,DeGate,18850687,1193
1193,midas-mapollo,mapollo,Midas mAPOLLO,18825659,1194
1194,mango-markets,mngo,Mango,18685519,1195
1195,intuition,trust,Intuition,18673973,1196
1196,epic-chain,epic,Epic Chain,18630854,1197
1197,polyswarm,nct,PolySwarm,18601063,1198
1198,magma-finance,magma,Magma Finance,18577129,1199
1199,stakestone,sto,StakeStone,18475034,1200
1200,usdc-rainbow-bridge,usdc.e,Rainbow Bridged USDC (Near),18417548,1201
1201,avalon-2,avl,Avalon,18406454,1202
1202,ishares-20-year-treasury-bond-etf-ondo-tokenized-etf,tlton,iShares 20+ Year Treasury Bond ETF (Ondo Tokenized ETF),18390447,1203
1203,czs-dog,broccoli,CZ's Dog,18348189,1204
1204,wrapped-songbird,wsgb,Wrapped Songbird,18234543,1205
1205,storj,storj,Storj,18181746,1206
1206,the9bit,9bit,The9bit,18168581,1207
1207,abelian,abel,Abelian,18026358,1208
1208,hashflow,hft,Hashflow,18009735,1209
1209,wrapped-viction,wvic,Wrapped Viction,18008134,1210
1210,midas-xrp,mxrp,Midas XRP,17999396,1211
1211,tesla-ondo-tokenized-stock,tslaon,Tesla (Ondo Tokenized Stock),17982211,1212
1212,dent,dent,Dent,17967268,1213
1213,win-3,win,Win,17913681,1214
1214,jpyc,jpyc,JPY Coin v1,17882886,1215
1215,magic-internet-money-optimism,mim,Magic Internet Money (Optimism),17879618,1216
1216,binance-peg-near-protocol,near,Binance-Peg NEAR Protocol,17859752,1217
1217,bitlayer-bitvm,btr,Bitlayer,17846174,1218
1218,graphite-protocol,gp,Graphite Protocol,17841971,1219
1219,aura-on-sol,aura,aura,17816113,1220
1220,savings-crvusd,scrvusd,Savings crvUSD,17776180,1221
1221,puffer-finance,puffer,Puffer,17772297,1222
1222,4-2,4,4,17772057,1223
1223,roll-2,roll,ROLL,17768165,1224
1224,airtor-protocol,anyone,ANyONe Protocol,17741838,1225
1225,simon-s-cat,cat,Simon's Cat,17682102,1226
1226,owb,owb,OWB,17674634,1227
1227,elizaos,elizaos,ElizaOS,17640796,1228
1228,unit-solana,usol,Unit Solana,17608763,1229
1229,supra,supra,Supra,17556331,1230
1230,six,six,Six Sigma,17491632,1231
1231,hylo-leveraged-sol,xsol,Hylo Leveraged SOL,17455071,1232
1232,steakhouse-usdt,steakusdt,Steakhouse USDT V2,17442105,1233
1233,og-fan-token,og,OG Fan Token,17429901,1234
1234,ethichub,ethix,Ethix,17281450,1235
1235,inverse-finance,inv,Inverse Finance,17269787,1236
1236,comtech-gold,cgo,Comtech Gold,17245735,1237
1237,angle-usd,usda,USDA,17146853,1238
1238,sideshift-token,xai,SideShift,17141303,1239
1239,acet-token,act,Acet,17104988,1240
1240,initia,init,Initia,17101118,1241
1241,dodo,dodo,DODO,16943250,1242
1242,corgiai,corgiai,CorgiAI,17039631,1243
1243,saga-2,saga,Saga,17031713,1244
1244,ix-swap,ixs,IXS,17017028,1245
1245,alpha-quark-token,aqt,Alpha Quark,17172947,1246
1246,yieldfi-vyusd,vyusd,YieldFi vyUSD,16945870,1247
1247,alchemix,alcx,Alchemix,16996489,1248
1248,treehouse,tree,Treehouse,16928278,1249
1249,goldfinch,gfi,Goldfinch,16888165,1250
